{
  "basic": {
    "FZ0": 890.0,
    "R0": 0.2286,
    "LONGVL": 11.1,
    "P0": 82737.12,
    "MBELT": 0.0
  },
  "limits": {
    "PRESMIN": 55158.1,
    "PRESMAX": 103421.0,
    "FZMIN": 100.0,
    "FZMAX": 2500.0,
    "KAPPAMIN": -1.0,
    "KAPPAMAX": 10.0,
    "ALPHAMIN": -1.57079633,
    "ALPHAMAX": 1.57079633,
    "GAMMAMIN": -0.08726,
    "GAMMAMAX": 0.08726
  },
  "scaling": {
    "LFZ0": 1.0,
    "LCX": 1.0,
    "LMUX": 1.0,
    "LEX": 1.0,
    "LKX": 1.0,
    "LHX": 1.0,
    "LVX": 1.0,
    "LGAX": 1.0,
    "LCY": 1.0,
    "LMUY": 1.0,
    "LEY": 1.0,
    "LKY": 1.0,
    "LKYG": 1.0,
    "LHY": 1.0,
    "LVY": 1.0,
    "LGAY": 1.0,
    "LKZG": 1.0,
    "LTR": 1.0,
    "LRES": 1.0,
    "LGAZ": 1.0,
    "LMX": 1.0,
    "LVMX": 1.0,
    "LMY": 1.0,
    "LXAL": 1.0,
    "LYKA": 1.0,
    "LVYKA": 1.0,
    "LS": 1.0
  },
  "lateral": {
    "PCY1": 1.1204027009158741,
    "PDY1": 1.6422152318506522,
    "PDY2": -0.32531957059268557,
    "PDY3": 8.961207772979192,
    "PEY1": -0.3535685826026044,
    "PEY2": 0.49999999999999994,
    "PEY3": 0.49999999999999994,
    "PEY4": -4.3346742910317335e-12,
    "PEY5": -9.999999999996396,
    "PKY1": -58.87561425961986,
    "PKY2": 2.6000000000000005,
    "PKY3": 0.8244703642222122,
    "PKY4": 1.7352802106825729,
    "PKY5": 0.24677855458172623,
    "PKY6": -4.063776528205966,
    "PKY7": -1.9999999999999838,
    "PHY1": 0.0018254580526529563,
    "PHY2": 0.000636192957410061,
    "PVY1": 0.049999999999999996,
    "PVY2": -0.0036551964003752914,
    "PVY3": 0.09833213814504116,
    "PVY4": 0.046585547800409376,
    "PPY1": 0.5693120879649871,
    "PPY2": 0.9999999999962573,
    "PPY3": -0.15182658503935315,
    "PPY4": -1.6963735361954737e-22,
    "PPY5": -0.9999999999931753,
    "RBY1": 29.999790862224028,
    "RBY2": 12.134044855307778,
    "RBY3": 9.999999999936197e-07,
    "RBY4": 74.99999999999999,
    "RCY1": 0.9651418924095715,
    "REY1": 0.6154295790445161,
    "REY2": 0.17459597753049186,
    "RHY1": 9.999999999999997e-07,
    "RHY2": 0.0,
    "RVY1": -0.0009999999999999998,
    "RVY2": -0.0019999999999999996,
    "RVY3": -0.04999999999999942,
    "RVY4": -1.9999999999999998,
    "RVY5": 2.4999999999999996,
    "RVY6": -11.325359024822061
  },
  "longitudinal": {
    "PCX1": 1.4779238369371919,
    "PDX1": 1.4176795080427544,
    "PDX2": 0.07001659216024461,
    "PDX3": 4.097157624686553,
    "PEX1": 0.24999999999999986,
    "PEX2": -0.4935998299083556,
    "PEX3": 0.062308987383295614,
    "PEX4": 0.49999999999999994,
    "PKX1": 44.40869215364958,
    "PKX2": -0.11467697610242364,
    "PKX3": 0.005123300455879327,
    "PHX1": 0.00028611316090635194,
    "PHX2": -0.001728319335508632,
    "PVX1": 0.004999999999999999,
    "PVX2": 0.00477148979863604,
    "PPX1": 5.985592437722123e-20,
    "PPX2": -1.4999999999999998,
    "PPX3": -0.45857497477578263,
    "PPX4": -0.43069292241848617,
    "RBX1": 7.480599472060266,
    "RBX2": 10.358691627632123,
    "RBX3": 29.999999999999996,
    "RCX1": 1.399999999995603,
    "REX1": -1.1134570691694545,
    "REX2": -0.5558333477828554,
    "RHX1": -9.999999999999997e-07
  },
  "aligning": {
    "QBZ1": 6.608060848792314,
    "QBZ2": -1.785569989053828,
    "QBZ3": 0.0,
    "QBZ4": 0.0,
    "QBZ5": -1.0,
    "QBZ9": 6.546726182331576,
    "QBZ10": 0.0,
    "QCZ1": 1.1,
    "QDZ1": 0.1360516666598608,
    "QDZ2": -0.06734847902601317,
    "QDZ3": 0.5,
    "QDZ4": -1.5,
    "QDZ6": 0.017113054863859743,
    "QDZ7": -0.028301038974454882,
    "QDZ8": -0.5,
    "QDZ9": 0.02,
    "QDZ10": 0.0,
    "QDZ11": 0.0,
    "QEZ1": -5.882023942421708,
    "QEZ2": 4.837356348265431,
    "QEZ3": 13.715076725253475,
    "QEZ4": 0.1914063564529103,
    "QEZ5": -2.0,
    "QHZ1": 0.00841306124166202,
    "QHZ2": 0.004999999999999833,
    "QHZ3": 0.0,
    "QHZ4": 0.0,
    "PPZ1": 0.5,
    "PPZ2": 0.0,
    "SSZ1": 0.0,
    "SSZ2": 0.0,
    "SSZ3": 0.0,
    "SSZ4": 0.0
  },
  "overturning": {
    "QSX1": 0.0,
    "QSX2": 0.5,
    "QSX3": 0.05,
    "QSX4": 5.0,
    "QSX5": 2.0,
    "QSX6": 10.0,
    "QSX7": 2.0,
    "QSX8": -0.1,
    "QSX9": 0.2,
    "QSX10": 0.1,
    "QSX11": 3.0,
    "PPMX1": 0.0
  },
  "rolling_resistance": {
    "QSY1": 0.01,
    "QSY2": 0.0,
    "QSY3": 0.0,
    "QSY4": 0.0004,
    "QSY5": 0.0,
    "QSY6": 0.0,
    "QSY7": 0.85,
    "QSY8": 0.45
  },
  "transient": {
    "LONGITUDINAL_STIFFNESS": 180205.88426010692,
    "LATERAL_STIFFNESS": 120137.25617340462,
    "PCFX1": 4.997826326058429e-29,
    "PCFX2": 0.04559803459948562,
    "PCFX3": 0.9999999999999999,
    "PCFY1": 4.997826326058429e-29,
    "PCFY2": 0.04559803459948562,
    "PCFY3": 0.9999999999999999
  },
  "loaded_radius": {
    "VERTICAL_STIFFNESS": 1.0,
    "QRE0": 0.0,
    "QV1": 0.0,
    "QV2": 0.0,
    "QFZ2": 0.0,
    "QFCX": 0.0,
    "QFCY": 0.0,
    "QFCY2": 0.0,
    "QCAM": 0.0,
    "QCAM2": 0.0,
    "QCAM3": 0.0,
    "QFYS": 0.0,
    "QFYS2": 0.0,
    "QFYS3": 0.0,
    "PFZ1": 0.0
  },
  "effective_rolling_radius": {
    "BREFF": 0.0,
    "DREFF": 0.0,
    "FREFF": 0.0,
    "PFZ1": 0.0
  }
}