{
  "basic": {
    "FZ0": 890.0,
    "R0": 0.23088599999999998,
    "LONGVL": 11.1,
    "P0": 82737.12,
    "MBELT": 40.0
  },
  "limits": {
    "PRESMIN": 55158.1,
    "PRESMAX": 103421.0,
    "FZMIN": 10.0,
    "FZMAX": 2500.0,
    "KAPPAMIN": -1.0,
    "KAPPAMAX": 1.0,
    "ALPHAMIN": -0.436332,
    "ALPHAMAX":  0.436332,
    "GAMMAMIN": -0.08726,
    "GAMMAMAX": 0.08726
  },
  "scaling": {
    "LFZ0": 1.0,
    "LCX": 1.0,
    "LMUX": 1.0,
    "LEX": 1.0,
    "LKX": 1.0,
    "LHX": 1.0,
    "LVX": 1.0,
    "LGAX": 1.0,
    "LCY": 1.0,
    "LMUY": 1.0,
    "LEY": 1.0,
    "LKY": 1.0,
    "LKYG": 1.0,
    "LHY": 1.0,
    "LVY": 1.0,
    "LGAY": 1.0,
    "LKZG": 1.0,
    "LTR": 1.0,
    "LRES": 1.0,
    "LGAZ": 1.0,
    "LMX": 1.0,
    "LVMX": 1.0,
    "LMY": 1.0,
    "LXAL": 1.0,
    "LYKA": 1.0,
    "LVYKA": 1.0,
    "LS": 1.0
  },
  "lateral": {
    "PCY1": 1.1204027009158741,
    "PDY1": 1.6422152318506522,
    "PDY2": -0.32531957059268557,
    "PDY3": 8.961207772979192,
    "PEY1": -0.3535685826026044,
    "PEY2": 0.49999999999999994,
    "PEY3": 0.49999999999999994,
    "PEY4": -4.3346742910317335e-12,
    "PEY5": -9.999999999996396,
    "PKY1": -58.87561425961986,
    "PKY2": 2.6000000000000005,
    "PKY3": 0.8244703642222122,
    "PKY4": 1.7352802106825729,
    "PKY5": 0.24677855458172623,
    "PKY6": -4.063776528205966,
    "PKY7": -1.9999999999999838,
    "PHY1": 0.0018254580526529563,
    "PHY2": 0.000636192957410061,
    "PVY1": 0.049999999999999996,
    "PVY2": -0.0036551964003752914,
    "PVY3": 0.09833213814504116,
    "PVY4": 0.046585547800409376,
    "PPY1": 0.5693120879649871,
    "PPY2": 0.9999999999962573,
    "PPY3": -0.15182658503935315,
    "PPY4": -1.6963735361954737e-22,
    "PPY5": -0.9999999999931753,
    "RBY1": 20.05591682759158,
    "RBY2": 19.99972340129322,
    "RBY3": 9.403590493232056e-07,
    "RBY4": -10.995639456729068,
    "RCY1": 0.9048173729141128,
    "REY1": -0.7096982445643287,
    "REY2": 0.55848931432607,
    "RHY1": 9.999999999999997e-07,
    "RHY2": 9.999999999999784e-07,
    "RVY1": 0.0009999999999999998,
    "RVY2": 0.001999999999999954,
    "RVY3": 0.049999999999999996,
    "RVY4": -1.9999999999999998,
    "RVY5": 2.4544048158091005,
    "RVY6": 5.900331527230952
  },
  "longitudinal": {
    "PCX1": 1.4779238369371919,
    "PDX1": 1.4176795080427544,
    "PDX2": 0.07001659216024461,
    "PDX3": 4.097157624686553,
    "PEX1": 0.24999999999999986,
    "PEX2": -0.4935998299083556,
    "PEX3": 0.062308987383295614,
    "PEX4": 0.49999999999999994,
    "PKX1": 44.40869215364958,
    "PKX2": -0.11467697610242364,
    "PKX3": 0.005123300455879327,
    "PHX1": 0.00028611316090635194,
    "PHX2": -0.001728319335508632,
    "PVX1": 0.004999999999999999,
    "PVX2": 0.00477148979863604,
    "PPX1": 5.985592437722123e-20,
    "PPX2": -1.4999999999999998,
    "PPX3": -0.45857497477578263,
    "PPX4": -0.43069292241848617,
    "RBX1": 7.480599472060266,
    "RBX2": 10.358691627632123,
    "RBX3": 29.999999999999996,
    "RCX1": 1.399999999995603,
    "REX1": -1.1134570691694545,
    "REX2": -0.5558333477828554,
    "RHX1": -9.999999999999997e-07
  },
  "aligning": {
    "QBZ1": 6.703461801009263,
    "QBZ2": -3.660062537085833,
    "QBZ3": -4.999999999959666,
    "QBZ4": 0.876043978373938,
    "QBZ5": -0.5813894123516222,
    "QBZ9": 6.395630997056231,
    "QBZ10": 0.0,
    "QCZ1": 1.1,
    "QDZ1": 0.1355771843312678,
    "QDZ2": -0.07136948610559697,
    "QDZ3": -0.27315255500397223,
    "QDZ4": -9.999999999997495,
    "QDZ6": 0.01698069830399143,
    "QDZ7": -0.02562580417617127,
    "QDZ8": -2.847548872808592,
    "QDZ9": 2.898738449615686,
    "QDZ10": 1.9999999996755844,
    "QDZ11": -1.999999999982263,
    "QEZ1": -5.697293103044959,
    "QEZ2": -1.4279477315829625,
    "QEZ3": -6.533644586150999,
    "QEZ4": 0.1985548720343226,
    "QEZ5": -4.999999999999094,
    "QHZ1": 0.008264003651079307,
    "QHZ2": 0.00395599689863571,
    "QHZ3": -0.09999999999999888,
    "QHZ4": -0.09999999999923403,
    "PPZ1": 0.9212991171778093,
    "PPZ2": 0.4442249150360304,
    "SSZ1": -0.023516383111317977,
    "SSZ2": -0.09999999999999788,
    "SSZ3": 0.19999999999999998,
    "SSZ4": -0.19999999999999998
  },
  "overturning": {
    "QSX1": -0.009999999999999998,
    "QSX2": 2.9999999394452233,
    "QSX3": 0.010000000059861992,
    "QSX4": 9.999999999924235,
    "QSX5": 2.2432005094736915,
    "QSX6": 5.30520126960445,
    "QSX7": 0.054019379422653085,
    "QSX8": -0.1041947034309937,
    "QSX9": 0.06551050462501999,
    "QSX10": 1.9999999999999998,
    "QSX11": 1.3216765994051616,
    "PPMX1": 0.14044022119367666
  },
  "rolling_resistance": {
    "QSY1": 0.01, 
    "QSY2": 0.98, 
    "QSY3": 0.0, 
    "QSY4": 0.0, 
    "QSY5": 0.0, 
    "QSY6": 0.0, 
    "QSY7": 0.0, 
    "QSY8": 0.0
  },
  "transient": {
    "LONGITUDINAL_STIFFNESS": 130843.47059371209,
    "LATERAL_STIFFNESS": 87228.98039580806,
    "PCFX1": 8.94891482620889e-18,
    "PCFX2": 0.49999999986942956,
    "PCFX3": 0.9999999999999999,
    "PCFY1": 8.94891482620889e-18,
    "PCFY2": 0.49999999986942956,
    "PCFY3": 0.9999999999999999
  },
  "loaded_radius": {
    "VERTICAL_STIFFNESS": 105669.01997824281,
    "QRE0": 0.9800000000000001,
    "QV1": 0.0017791477520795367,
    "QV2": 0.0,
    "QFZ2": 69.83969166212475,
    "QFCX": 0.0,
    "QFCY": 0.0,
    "QFCY2": 0.0,
    "QCAM": 0.0,
    "QCAM2": 0.0,
    "QCAM3": 0.0,
    "QFYS": 0.0,
    "QFYS2": 0.0,
    "QFYS3": 0.0,
    "PFZ1": 1.1022483001837622
  },
  "effective_rolling_radius": {
    "BREFF": 8.003051539111455,
    "DREFF": 0.1473049985743718,
    "FREFF": 0.1752313270320525
  }
}